"Neighbourhood","Ward","City","FID"
"Fredericton South","7","Fredericton","1"
"Fredericton South","7","Fredericton","2"
"Fredericton South","12","Fredericton","3"
"Fredericton South","12","Fredericton","4"
"Fredericton South","7","Fredericton","5"
"Fredericton South","7","Fredericton","6"
"Fredericton South","7","Fredericton","7"
"Fredericton South","11","Fredericton","8"
"Fredericton South","7","Fredericton","9"
"Fredericton South","11","Fredericton","10"
"Fredericton South","7","Fredericton","11"
"Fredericton South","12","Fredericton","12"
"Fredericton South","11","Fredericton","13"
"Fredericton South","11","Fredericton","14"
"Fredericton South","12","Fredericton","15"
"Fredericton South","11","Fredericton","16"
"Fredericton South","11","Fredericton","17"
"Fredericton South","11","Fredericton","18"
"Fredericton South","7","Fredericton","19"
"Fredericton South","7","Fredericton","20"
"Fredericton South","7","Fredericton","21"
"Fredericton South","12","Fredericton","22"
"Fredericton South","12","Fredericton","23"
"Fredericton South","7","Fredericton","24"
"Fredericton South","7","Fredericton","25"
"Fredericton South","7","Fredericton","26"
"Fredericton South","11","Fredericton","27"
"Fredericton South","11","Fredericton","28"
"Fredericton South","12","Fredericton","29"
"Fredericton South","12","Fredericton","30"
"Fredericton South","7","Fredericton","31"
"Fredericton South","7","Fredericton","32"
"Fredericton South","11","Fredericton","33"
"Fredericton South","11","Fredericton","34"
"Fredericton South","11","Fredericton","35"
"Fredericton South","11","Fredericton","36"
"Fredericton South","12","Fredericton","37"
"Fredericton South","12","Fredericton","38"
"Fredericton South","7","Fredericton","39"
"Fredericton South","12","Fredericton","40"
"Fredericton South","11","Fredericton","41"
"Fredericton South","7","Fredericton","42"
"Fredericton South","11","Fredericton","43"
"Fredericton South","11","Fredericton","44"
"Fredericton South","11","Fredericton","45"
"Fredericton South","11","Fredericton","46"
"Fredericton South","11","Fredericton","47"
"Fredericton South","11","Fredericton","48"
"Fredericton South","12","Fredericton","49"
"Fredericton South","11","Fredericton","50"
"Barkers Point","6","Fredericton","51"
"Barkers Point","6","Fredericton","52"
"Barkers Point","6","Fredericton","53"
"Barkers Point","6","Fredericton","54"
"Barkers Point","6","Fredericton","55"
"Barkers Point","6","Fredericton","56"
"Barkers Point","6","Fredericton","57"
"Barkers Point","6","Fredericton","58"
"Barkers Point","6","Fredericton","59"
"Barkers Point","6","Fredericton","60"
"Barkers Point","6","Fredericton","61"
"Barkers Point","6","Fredericton","62"
"Barkers Point","6","Fredericton","63"
"Barkers Point","6","Fredericton","64"
"Barkers Point","6","Fredericton","65"
"Barkers Point","6","Fredericton","66"
"Barkers Point","6","Fredericton","67"
"Barkers Point","6","Fredericton","68"
"Barkers Point","6","Fredericton","69"
"Barkers Point","6","Fredericton","70"
"South Devon","4","Fredericton","71"
"South Devon","4","Fredericton","72"
"South Devon","4","Fredericton","73"
"South Devon","4","Fredericton","74"
"South Devon","4","Fredericton","75"
"South Devon","4","Fredericton","76"
"South Devon","4","Fredericton","77"
"South Devon","4","Fredericton","78"
"South Devon","4","Fredericton","79"
"South Devon","4","Fredericton","80"
"South Devon","4","Fredericton","81"
"South Devon","4","Fredericton","82"
"South Devon","4","Fredericton","83"
"South Devon","4","Fredericton","84"
"South Devon","4","Fredericton","85"
"South Devon","4","Fredericton","86"
"South Devon","4","Fredericton","87"
"South Devon","4","Fredericton","88"
"South Devon","4","Fredericton","89"
"South Devon","4","Fredericton","90"
"South Devon","4","Fredericton","91"
"South Devon","4","Fredericton","92"
"South Devon","4","Fredericton","93"
"South Devon","4","Fredericton","94"
"South Devon","4","Fredericton","95"
"South Devon","4","Fredericton","96"
"South Devon","4","Fredericton","97"
"South Devon","4","Fredericton","98"
"South Devon","4","Fredericton","99"
"South Devon","4","Fredericton","100"
"Sandyville","5","Fredericton","101"
"South Devon","4","Fredericton","102"
"South Devon","4","Fredericton","103"
"South Devon","4","Fredericton","104"
"South Devon","4","Fredericton","105"
"South Devon","4","Fredericton","106"
"South Devon","4","Fredericton","107"
"South Devon","4","Fredericton","108"
"South Devon","4","Fredericton","109"
"South Devon","4","Fredericton","110"
"South Devon","4","Fredericton","111"
"South Devon","4","Fredericton","112"
"South Devon","4","Fredericton","113"
"South Devon","4","Fredericton","114"
"South Devon","4","Fredericton","115"
"South Devon","4","Fredericton","116"
"South Devon","4","Fredericton","117"
"South Devon","4","Fredericton","118"
"South Devon","4","Fredericton","119"
"South Devon","4","Fredericton","120"
"South Devon","4","Fredericton","121"
"South Devon","4","Fredericton","122"
"South Devon","4","Fredericton","123"
"South Devon","4","Fredericton","124"
"South Devon","4","Fredericton","125"
"South Devon","4","Fredericton","126"
"South Devon","4","Fredericton","127"
"South Devon","4","Fredericton","128"
"South Devon","4","Fredericton","129"
"South Devon","4","Fredericton","130"
"South Devon","4","Fredericton","131"
"South Devon","4","Fredericton","132"
"South Devon","4","Fredericton","133"
"South Devon","4","Fredericton","134"
"South Devon","4","Fredericton","135"
"South Devon","4","Fredericton","136"
"South Devon","4","Fredericton","137"
"South Devon","4","Fredericton","138"
"South Devon","4","Fredericton","139"
"Cotton Mill Creek","5","Fredericton","140"
"Cotton Mill Creek","5","Fredericton","141"
"Cotton Mill Creek","5","Fredericton","142"
"Cotton Mill Creek","5","Fredericton","143"
"Nashwaaksis","1","Fredericton","144"
"Nashwaaksis","1","Fredericton","145"
"Nashwaaksis","1","Fredericton","146"
"Nashwaaksis","1","Fredericton","147"
"Nashwaaksis","1","Fredericton","148"
"Nashwaaksis","1","Fredericton","149"
"Nashwaaksis","2","Fredericton","150"
"Nashwaaksis","1","Fredericton","151"
"Sandyville","5","Fredericton","152"
"Sandyville","5","Fredericton","153"
"Knob Hill","5","Fredericton","154"
"Knob Hill","5","Fredericton","155"
"Knob Hill","5","Fredericton","156"
"Knob Hill","5","Fredericton","157"
"Youngs Crossing","4","Fredericton","158"
"Youngs Crossing","4","Fredericton","159"
"Youngs Crossing","4","Fredericton","160"
"Youngs Crossing","4","Fredericton","161"
"Youngs Crossing","4","Fredericton","162"
"Youngs Crossing","4","Fredericton","163"
"Youngs Crossing","4","Fredericton","164"
"Youngs Crossing","4","Fredericton","165"
"Youngs Crossing","4","Fredericton","166"
"Youngs Crossing","4","Fredericton","167"
"Youngs Crossing","4","Fredericton","168"
"Youngs Crossing","4","Fredericton","169"
"Youngs Crossing","4","Fredericton","170"
"Youngs Crossing","4","Fredericton","171"
"Youngs Crossing","4","Fredericton","172"
"Youngs Crossing","4","Fredericton","173"
"Barkers Point","6","Fredericton","174"
"Barkers Point","6","Fredericton","175"
"Barkers Point","6","Fredericton","176"
"Barkers Point","6","Fredericton","177"
"Barkers Point","6","Fredericton","178"
"Barkers Point","6","Fredericton","179"
"Barkers Point","6","Fredericton","180"
"Barkers Point","6","Fredericton","181"
"Barkers Point","6","Fredericton","182"
"Barkers Point","6","Fredericton","183"
"Barkers Point","6","Fredericton","184"
"Barkers Point","6","Fredericton","185"
"Barkers Point","6","Fredericton","186"
"Barkers Point","6","Fredericton","187"
"Barkers Point","6","Fredericton","188"
"Barkers Point","6","Fredericton","189"
"Barkers Point","6","Fredericton","190"
"Barkers Point","6","Fredericton","191"
"Barkers Point","6","Fredericton","192"
"Barkers Point","6","Fredericton","193"
"Barkers Point","6","Fredericton","194"
"Barkers Point","6","Fredericton","195"
"Barkers Point","6","Fredericton","196"
"Barkers Point","6","Fredericton","197"
"Barkers Point","6","Fredericton","198"
"Barkers Point","6","Fredericton","199"
"Barkers Point","6","Fredericton","200"
"Brookside","3","Fredericton","201"
"Marysville","5","Fredericton","202"
"Fredericton South","11","Fredericton","203"
"Fredericton South","12","Fredericton","204"
"Fredericton South","11","Fredericton","205"
"Fredericton South","11","Fredericton","206"
"Fredericton South","11","Fredericton","207"
"Fredericton South","11","Fredericton","208"
"Fredericton South","11","Fredericton","209"
"Fredericton South","11","Fredericton","210"
"Fredericton South","7","Fredericton","211"
"Fredericton South","7","Fredericton","212"
"Fredericton South","11","Fredericton","213"
"Fredericton South","11","Fredericton","214"
"Fredericton South","11","Fredericton","215"
"Fredericton South","11","Fredericton","216"
"Fredericton South","11","Fredericton","217"
"Fredericton South","11","Fredericton","218"
"Fredericton South","12","Fredericton","219"
"Fredericton South","7","Fredericton","220"
"Fredericton South","12","Fredericton","221"
"Fredericton South","7","Fredericton","222"
"Brookside","3","Fredericton","223"
"Brookside","3","Fredericton","224"
"Brookside","3","Fredericton","225"
"Brookside","3","Fredericton","226"
"Brookside","3","Fredericton","227"
"Brookside","3","Fredericton","228"
"Brookside","3","Fredericton","229"
"Brookside","3","Fredericton","230"
"Brookside","3","Fredericton","231"
"Brookside","3","Fredericton","232"
"Brookside","3","Fredericton","233"
"Brookside","3","Fredericton","234"
"Brookside","3","Fredericton","235"
"Brookside","3","Fredericton","236"
"Brookside","3","Fredericton","237"
"Brookside","3","Fredericton","238"
"Brookside","3","Fredericton","239"
"Brookside","3","Fredericton","240"
"Brookside","3","Fredericton","241"
"Brookside","3","Fredericton","242"
"Brookside","3","Fredericton","243"
"Brookside","3","Fredericton","244"
"Brookside","3","Fredericton","245"
"Brookside","3","Fredericton","246"
"Brookside","3","Fredericton","247"
"Brookside","3","Fredericton","248"
"Brookside","3","Fredericton","249"
"Brookside","3","Fredericton","250"
"Brookside","3","Fredericton","251"
"Brookside","3","Fredericton","252"
"Marysville","5","Fredericton","253"
"Brookside","3","Fredericton","254"
"Brookside","3","Fredericton","255"
"Brookside","3","Fredericton","256"
"Brookside","3","Fredericton","257"
"Brookside","3","Fredericton","258"
"Brookside","3","Fredericton","259"
"Brookside","3","Fredericton","260"
"Brookside","3","Fredericton","261"
"Brookside","3","Fredericton","262"
"Brookside","3","Fredericton","263"
"Brookside","3","Fredericton","264"
"Brookside","3","Fredericton","265"
"Brookside","3","Fredericton","266"
"Brookside","3","Fredericton","267"
"Brookside","3","Fredericton","268"
"Brookside","3","Fredericton","269"
"Brookside","3","Fredericton","270"
"Brookside","3","Fredericton","271"
"Brookside","3","Fredericton","272"
"Brookside","3","Fredericton","273"
"Brookside","3","Fredericton","274"
"Brookside","3","Fredericton","275"
"Brookside","3","Fredericton","276"
"Douglas","1","Fredericton","277"
"Douglas","1","Fredericton","278"
"Douglas","1","Fredericton","279"
"McLeod Hill","2","Fredericton","280"
"McLeod Hill","2","Fredericton","281"
"McLeod Hill","2","Fredericton","282"
"Marysville","5","Fredericton","283"
"Marysville","5","Fredericton","284"
"Marysville","5","Fredericton","285"
"Marysville","5","Fredericton","286"
"Marysville","0","Fredericton","287"
"Marysville","5","Fredericton","288"
"Marysville","5","Fredericton","289"
"Marysville","5","Fredericton","290"
"Marysville","5","Fredericton","291"
"Marysville","5","Fredericton","292"
"Marysville","5","Fredericton","293"
"Marysville","5","Fredericton","294"
"Marysville","5","Fredericton","295"
"Marysville","5","Fredericton","296"
"Marysville","5","Fredericton","297"
"Marysville","5","Fredericton","298"
"Marysville","5","Fredericton","299"
"Marysville","5","Fredericton","300"
"Marysville","5","Fredericton","301"
"Marysville","0","Fredericton","302"
"Marysville","5","Fredericton","303"
"Marysville","5","Fredericton","304"
"Marysville","5","Fredericton","305"
"Marysville","5","Fredericton","306"
"Marysville","5","Fredericton","307"
"Marysville","5","Fredericton","308"
"Marysville","5","Fredericton","309"
"Marysville","5","Fredericton","310"
"Marysville","5","Fredericton","311"
"Marysville","5","Fredericton","312"
"Marysville","5","Fredericton","313"
"Marysville","5","Fredericton","314"
"Marysville","5","Fredericton","315"
"Marysville","5","Fredericton","316"
"Marysville","5","Fredericton","317"
"Marysville","5","Fredericton","318"
"Marysville","5","Fredericton","319"
"Saint Mary's First Nation","3","Fredericton","320"
"Saint Mary's First Nation","3","Fredericton","321"
"Saint Mary's First Nation","4","Fredericton","322"
"Saint Mary's First Nation","3","Fredericton","323"
"Saint Mary's First Nation","3","Fredericton","324"
"Saint Mary's First Nation","3","Fredericton","325"
"Saint Mary's First Nation","3","Fredericton","326"
"Saint Mary's First Nation","3","Fredericton","327"
"Saint Mary's First Nation","3","Fredericton","328"
"Saint Mary's First Nation","3","Fredericton","329"
"Saint Mary's First Nation","4","Fredericton","330"
"Saint Mary's First Nation","3","Fredericton","331"
"Saint Mary's First Nation","3","Fredericton","332"
"Saint Mary's First Nation","3","Fredericton","333"
"Saint Mary's First Nation","3","Fredericton","334"
"Saint Mary's First Nation","3","Fredericton","335"
"Saint Mary's First Nation","3","Fredericton","336"
"Saint Mary's First Nation","3","Fredericton","337"
"Saint Mary's First Nation","3","Fredericton","338"
"Saint Mary's First Nation","3","Fredericton","339"
"Saint Mary's First Nation","3","Fredericton","340"
"Saint Mary's First Nation","3","Fredericton","341"
"Saint Mary's First Nation","3","Fredericton","342"
"Saint Mary's First Nation","3","Fredericton","343"
"Saint Mary's First Nation","3","Fredericton","344"
"Sandyville","5","Fredericton","345"
"Sandyville","5","Fredericton","346"
"Sandyville","5","Fredericton","347"
"Sandyville","5","Fredericton","348"
"Sandyville","5","Fredericton","349"
"Sandyville","5","Fredericton","350"
"Nashwaaksis","1","Fredericton","351"
"Nashwaaksis","1","Fredericton","352"
"Nashwaaksis","1","Fredericton","353"
"Nashwaaksis","1","Fredericton","354"
"Nashwaaksis","1","Fredericton","355"
"Nashwaaksis","1","Fredericton","356"
"Nashwaaksis","1","Fredericton","357"
"Nashwaaksis","1","Fredericton","358"
"Nashwaaksis","1","Fredericton","359"
"Nashwaaksis","1","Fredericton","360"
"Nashwaaksis","1","Fredericton","361"
"Nashwaaksis","1","Fredericton","362"
"Nashwaaksis","1","Fredericton","363"
"Nashwaaksis","1","Fredericton","364"
"Nashwaaksis","1","Fredericton","365"
"Nashwaaksis","1","Fredericton","366"
"Nashwaaksis","1","Fredericton","367"
"West Hills","1","Fredericton","368"
"West Hills","1","Fredericton","369"
"West Hills","1","Fredericton","370"
"West Hills","1","Fredericton","371"
"West Hills","2","Fredericton","372"
"Northbrook Heights","2","Fredericton","373"
"Northbrook Heights","2","Fredericton","374"
"Northbrook Heights","2","Fredericton","375"
"Northbrook Heights","2","Fredericton","376"
"Northbrook Heights","2","Fredericton","377"
"Northbrook Heights","2","Fredericton","378"
"Northbrook Heights","2","Fredericton","379"
"Northbrook Heights","1","Fredericton","380"
"Northbrook Heights","2","Fredericton","381"
"Northbrook Heights","2","Fredericton","382"
"Brookside Mini Home Park","2","Fredericton","383"
"Brookside Mini Home Park","1","Fredericton","384"
"Brookside Mini Home Park","2","Fredericton","385"
"Brookside Mini Home Park","2","Fredericton","386"
"Brookside Mini Home Park","2","Fredericton","387"
"Heron Springs","2","Fredericton","388"
"Heron Springs","2","Fredericton","389"
"Heron Springs","2","Fredericton","390"
"Royal Road","2","Fredericton","391"
"Royal Road","2","Fredericton","392"
"Royal Road","2","Fredericton","393"
"Royal Road","2","Fredericton","394"
"Royal Road","2","Fredericton","395"
"Royal Road","2","Fredericton","396"
"Royal Road","2","Fredericton","397"
"Fulton Heights","3","Fredericton","398"
"Fulton Heights","2","Fredericton","399"
"Fulton Heights","3","Fredericton","400"
"Downtown","10","Fredericton","401"
"Downtown","11","Fredericton","402"
"Downtown","11","Fredericton","403"
"Downtown","10","Fredericton","404"
"Downtown","10","Fredericton","405"
"Downtown","10","Fredericton","406"
"Main Street","2","Fredericton","407"
"Fulton Heights","3","Fredericton","408"
"Downtown","10","Fredericton","409"
"Main Street","2","Fredericton","410"
"Downtown","10","Fredericton","411"
"Downtown","10","Fredericton","412"
"Downtown","10","Fredericton","413"
"Downtown","10","Fredericton","414"
"Downtown","10","Fredericton","415"
"Downtown","10","Fredericton","416"
"Downtown","10","Fredericton","417"
"Downtown","10","Fredericton","418"
"Downtown","10","Fredericton","419"
"Downtown","10","Fredericton","420"
"Downtown","10","Fredericton","421"
"Downtown","10","Fredericton","422"
"Downtown","10","Fredericton","423"
"Downtown","10","Fredericton","424"
"Downtown","10","Fredericton","425"
"Downtown","10","Fredericton","426"
"Downtown","10","Fredericton","427"
"Downtown","10","Fredericton","428"
"Downtown","11","Fredericton","429"
"Downtown","10","Fredericton","430"
"Downtown","10","Fredericton","431"
"Downtown","10","Fredericton","432"
"Downtown","10","Fredericton","433"
"Downtown","11","Fredericton","434"
"Downtown","11","Fredericton","435"
"Downtown","10","Fredericton","436"
"Downtown","10","Fredericton","437"
"Downtown","11","Fredericton","438"
"Downtown","11","Fredericton","439"
"Downtown","10","Fredericton","440"
"Downtown","10","Fredericton","441"
"Downtown","11","Fredericton","442"
"Downtown","11","Fredericton","443"
"Downtown","10","Fredericton","444"
"Downtown","10","Fredericton","445"
"Downtown","10","Fredericton","446"
"Downtown","10","Fredericton","447"
"Downtown","10","Fredericton","448"
"Downtown","10","Fredericton","449"
"Downtown","10","Fredericton","450"
"Downtown","11","Fredericton","451"
"Downtown","10","Fredericton","452"
"Downtown","11","Fredericton","453"
"Downtown","10","Fredericton","454"
"Downtown","10","Fredericton","455"
"Downtown","11","Fredericton","456"
"Downtown","11","Fredericton","457"
"Downtown","11","Fredericton","458"
"Downtown","11","Fredericton","459"
"Downtown","10","Fredericton","460"
"Downtown","10","Fredericton","461"
"Downtown","10","Fredericton","462"
"Downtown","10","Fredericton","463"
"Downtown","10","Fredericton","464"
"Downtown","10","Fredericton","465"
"Main Street","2","Fredericton","466"
"Downtown","11","Fredericton","467"
"Fulton Heights","3","Fredericton","468"
"Main Street","3","Fredericton","469"
"Main Street","3","Fredericton","470"
"Downtown","10","Fredericton","471"
"Downtown","10","Fredericton","472"
"Downtown","10","Fredericton","473"
"Downtown","10","Fredericton","474"
"Downtown","11","Fredericton","475"
"Downtown","10","Fredericton","476"
"Downtown","11","Fredericton","477"
"Downtown","10","Fredericton","478"
"Downtown","10","Fredericton","479"
"Downtown","11","Fredericton","480"
"Downtown","10","Fredericton","481"
"Downtown","10","Fredericton","482"
"Downtown","10","Fredericton","483"
"Downtown","10","Fredericton","484"
"Downtown","11","Fredericton","485"
"Downtown","10","Fredericton","486"
"Downtown","10","Fredericton","487"
"Downtown","10","Fredericton","488"
"Downtown","10","Fredericton","489"
"Downtown","10","Fredericton","490"
"Downtown","11","Fredericton","491"
"Downtown","10","Fredericton","492"
"Downtown","10","Fredericton","493"
"Downtown","11","Fredericton","494"
"Downtown","10","Fredericton","495"
"Downtown","10","Fredericton","496"
"Downtown","10","Fredericton","497"
"Downtown","11","Fredericton","498"
"Downtown","11","Fredericton","499"
"Downtown","10","Fredericton","500"
"Downtown","10","Fredericton","501"
"Downtown","10","Fredericton","502"
"Downtown","10","Fredericton","503"
"Downtown","10","Fredericton","504"
"Downtown","11","Fredericton","505"
"Downtown","11","Fredericton","506"
"Downtown","10","Fredericton","507"
"Fulton Heights","3","Fredericton","508"
"Fulton Heights","3","Fredericton","509"
"Fulton Heights","3","Fredericton","510"
"Fulton Heights","3","Fredericton","511"
"Fulton Heights","3","Fredericton","512"
"Fulton Heights","3","Fredericton","513"
"Fulton Heights","2","Fredericton","514"
"Fulton Heights","3","Fredericton","515"
"Fulton Heights","3","Fredericton","516"
"Fulton Heights","3","Fredericton","517"
"Fulton Heights","3","Fredericton","518"
"Fulton Heights","3","Fredericton","519"
"Fulton Heights","2","Fredericton","520"
"Fulton Heights","3","Fredericton","521"
"Fulton Heights","3","Fredericton","522"
"Fulton Heights","3","Fredericton","523"
"Fulton Heights","3","Fredericton","524"
"Fulton Heights","2","Fredericton","525"
"Fulton Heights","3","Fredericton","526"
"Fulton Heights","3","Fredericton","527"
"Fulton Heights","3","Fredericton","528"
"Fulton Heights","3","Fredericton","529"
"Fulton Heights","2","Fredericton","530"
"Fulton Heights","3","Fredericton","531"
"Fulton Heights","3","Fredericton","532"
"Fulton Heights","3","Fredericton","533"
"Fulton Heights","3","Fredericton","534"
"Fulton Heights","3","Fredericton","535"
"Fulton Heights","3","Fredericton","536"
"Fulton Heights","2","Fredericton","537"
"Fulton Heights","2","Fredericton","538"
"Main Street","3","Fredericton","539"
"Main Street","2","Fredericton","540"
"Main Street","2","Fredericton","541"
"Main Street","3","Fredericton","542"
"Main Street","2","Fredericton","543"
"Main Street","2","Fredericton","544"
"Main Street","3","Fredericton","545"
"Main Street","2","Fredericton","546"
"Main Street","3","Fredericton","547"
"Main Street","2","Fredericton","548"
"Main Street","2","Fredericton","549"
"Main Street","2","Fredericton","550"
"Main Street","2","Fredericton","551"
"Main Street","2","Fredericton","552"
"Main Street","2","Fredericton","553"
"Main Street","2","Fredericton","554"
"Main Street","2","Fredericton","555"
"Main Street","3","Fredericton","556"
"Main Street","2","Fredericton","557"
"Main Street","2","Fredericton","558"
"Main Street","2","Fredericton","559"
"Main Street","2","Fredericton","560"
"Main Street","2","Fredericton","561"
"Main Street","2","Fredericton","562"
"Main Street","2","Fredericton","563"
"Main Street","2","Fredericton","564"
"Main Street","2","Fredericton","565"
"Main Street","3","Fredericton","566"
"Main Street","2","Fredericton","567"
"Main Street","3","Fredericton","568"
"Main Street","2","Fredericton","569"
"Main Street","2","Fredericton","570"
"Main Street","3","Fredericton","571"
"Main Street","2","Fredericton","572"
"Main Street","2","Fredericton","573"
"Main Street","3","Fredericton","574"
"Main Street","2","Fredericton","575"
"Main Street","2","Fredericton","576"
"Main Street","2","Fredericton","577"
"Main Street","2","Fredericton","578"
"Main Street","2","Fredericton","579"
"Main Street","2","Fredericton","580"
"Main Street","2","Fredericton","581"
"Main Street","2","Fredericton","582"
"Main Street","2","Fredericton","583"
"Main Street","2","Fredericton","584"
"Main Street","2","Fredericton","585"
"Main Street","2","Fredericton","586"
"Main Street","2","Fredericton","587"
"Main Street","2","Fredericton","588"
"Main Street","2","Fredericton","589"
"Main Street","2","Fredericton","590"
"Main Street","3","Fredericton","591"
"Main Street","2","Fredericton","592"
"Main Street","2","Fredericton","593"
"Main Street","2","Fredericton","594"
"Main Street","2","Fredericton","595"
"Main Street","2","Fredericton","596"
"Main Street","2","Fredericton","597"
"Main Street","2","Fredericton","598"
"Main Street","2","Fredericton","599"
"Main Street","2","Fredericton","600"
"Main Street","2","Fredericton","601"
"Main Street","2","Fredericton","602"
"Main Street","2","Fredericton","603"
"Main Street","3","Fredericton","604"
"Golf Club","12","Fredericton","605"
"Main Street","2","Fredericton","606"
"Main Street","2","Fredericton","607"
"Main Street","3","Fredericton","608"
"Main Street","2","Fredericton","609"
"Main Street","2","Fredericton","610"
"Main Street","2","Fredericton","611"
"Main Street","2","Fredericton","612"
"Regiment Creek","1","Fredericton","613"
"Gilridge Estates","1","Fredericton","614"
"Gilridge Estates","1","Fredericton","615"
"Gilridge Estates","1","Fredericton","616"
"Silverwood","12","Fredericton","617"
"Silverwood","12","Fredericton","618"
"Silverwood","12","Fredericton","619"
"Silverwood","12","Fredericton","620"
"Silverwood","12","Fredericton","621"
"Springhill","12","Fredericton","622"
"Nethervue Minihome Park","12","Fredericton","623"
"Monteith / Talisman","12","Fredericton","624"
"Monteith / Talisman","12","Fredericton","625"
"Monteith / Talisman","12","Fredericton","626"
"Monteith / Talisman","12","Fredericton","627"
"Garden Creek","12","Fredericton","628"
"Garden Creek","12","Fredericton","629"
"Garden Creek","12","Fredericton","630"
"Garden Creek","12","Fredericton","631"
"Garden Creek","12","Fredericton","632"
"Garden Creek","12","Fredericton","633"
"Garden Creek","12","Fredericton","634"
"Garden Creek","12","Fredericton","635"
"Garden Creek","12","Fredericton","636"
"Garden Creek","12","Fredericton","637"
"Garden Creek","12","Fredericton","638"
"Garden Creek","12","Fredericton","639"
"Garden Creek","12","Fredericton","640"
"Highpoint Ridge","12","Fredericton","641"
"Highpoint Ridge","12","Fredericton","642"
"Highpoint Ridge","12","Fredericton","643"
"Highpoint Ridge","12","Fredericton","644"
"Highpoint Ridge","12","Fredericton","645"
"Greenwood Minihome Park","12","Fredericton","646"
"Downtown","11","Fredericton","647"
"Greenwood Minihome Park","12","Fredericton","648"
"Golf Club","12","Fredericton","649"
"Golf Club","12","Fredericton","650"
"Golf Club","12","Fredericton","651"
"Golf Club","12","Fredericton","652"
"Platt","10","Fredericton","653"
"Golf Club","12","Fredericton","654"
"Platt","11","Fredericton","655"
"Platt","10","Fredericton","656"
"Platt","10","Fredericton","657"
"Platt","11","Fredericton","658"
"Platt","11","Fredericton","659"
"Platt","11","Fredericton","660"
"Platt","10","Fredericton","661"
"Platt","11","Fredericton","662"
"Platt","11","Fredericton","663"
"Platt","10","Fredericton","664"
"Platt","10","Fredericton","665"
"Platt","11","Fredericton","666"
"Platt","11","Fredericton","667"
"Platt","10","Fredericton","668"
"Platt","10","Fredericton","669"
"Platt","10","Fredericton","670"
"Platt","11","Fredericton","671"
"Platt","10","Fredericton","672"
"Platt","11","Fredericton","673"
"Platt","11","Fredericton","674"
"Platt","11","Fredericton","675"
"Platt","11","Fredericton","676"
"Platt","11","Fredericton","677"
"Platt","10","Fredericton","678"
"Platt","10","Fredericton","679"
"Platt","11","Fredericton","680"
"Platt","11","Fredericton","681"
"Platt","10","Fredericton","682"
"Platt","10","Fredericton","683"
"Platt","10","Fredericton","684"
"Platt","11","Fredericton","685"
"Platt","10","Fredericton","686"
"Platt","10","Fredericton","687"
"Platt","10","Fredericton","688"
"Platt","10","Fredericton","689"
"Platt","11","Fredericton","690"
"Platt","10","Fredericton","691"
"Platt","11","Fredericton","692"
"Platt","10","Fredericton","693"
"Platt","11","Fredericton","694"
"Platt","11","Fredericton","695"
"Platt","11","Fredericton","696"
"Platt","11","Fredericton","697"
"Platt","10","Fredericton","698"
"Platt","10","Fredericton","699"
"Platt","10","Fredericton","700"
"Platt","11","Fredericton","701"
"Platt","11","Fredericton","702"
"Platt","10","Fredericton","703"
"Downtown","11","Fredericton","704"
"Downtown","10","Fredericton","705"
"Downtown","11","Fredericton","706"
"Downtown","10","Fredericton","707"
"Downtown","10","Fredericton","708"
"Downtown","11","Fredericton","709"
"Downtown","10","Fredericton","710"
"Downtown","10","Fredericton","711"
"Downtown","10","Fredericton","712"
"Downtown","10","Fredericton","713"
"Downtown","10","Fredericton","714"
"Downtown","10","Fredericton","715"
"Downtown","10","Fredericton","716"
"Downtown","10","Fredericton","717"
"Downtown","10","Fredericton","718"
"Downtown","10","Fredericton","719"
"Downtown","11","Fredericton","720"
"Downtown","10","Fredericton","721"
"Downtown","10","Fredericton","722"
"Downtown","10","Fredericton","723"
"Downtown","10","Fredericton","724"
"Platt","10","Fredericton","725"
"Platt","11","Fredericton","726"
"Platt","10","Fredericton","727"
"Platt","10","Fredericton","728"
"Platt","11","Fredericton","729"
"Platt","11","Fredericton","730"
"Platt","10","Fredericton","731"
"Platt","10","Fredericton","732"
"Platt","11","Fredericton","733"
"Platt","10","Fredericton","734"
"Platt","11","Fredericton","735"
"Platt","11","Fredericton","736"
"Platt","11","Fredericton","737"
"Platt","10","Fredericton","738"
"Platt","10","Fredericton","739"
"Platt","11","Fredericton","740"
"Platt","10","Fredericton","741"
"Platt","11","Fredericton","742"
"Platt","10","Fredericton","743"
"Platt","10","Fredericton","744"
"Platt","10","Fredericton","745"
"Platt","10","Fredericton","746"
"Platt","10","Fredericton","747"
"Platt","11","Fredericton","748"
"Platt","10","Fredericton","749"
"Platt","10","Fredericton","750"
"Platt","0","Fredericton","751"
"Platt","10","Fredericton","752"
"Golf Club","12","Fredericton","753"
"Kelly's Court Minihome Park","12","Fredericton","754"
"Woodstock Road","12","Fredericton","755"
"Woodstock Road","12","Fredericton","756"
"Woodstock Road","12","Fredericton","757"
"Woodstock Road","12","Fredericton","758"
"Woodstock Road","12","Fredericton","759"
"Woodstock Road","12","Fredericton","760"
"Woodstock Road","12","Fredericton","761"
"Woodstock Road","12","Fredericton","762"
"Woodstock Road","12","Fredericton","763"
"Woodstock Road","12","Fredericton","764"
"Woodstock Road","12","Fredericton","765"
"Woodstock Road","12","Fredericton","766"
"Woodstock Road","12","Fredericton","767"
"Woodstock Road","12","Fredericton","768"
"Woodstock Road","12","Fredericton","769"
"Woodstock Road","12","Fredericton","770"
"Woodstock Road","12","Fredericton","771"
"Woodstock Road","12","Fredericton","772"
"Woodstock Road","12","Fredericton","773"
"Woodstock Road","12","Fredericton","774"
"Woodstock Road","12","Fredericton","775"
"Woodstock Road","12","Fredericton","776"
"Woodstock Road","0","Fredericton","777"
"Woodstock Road","12","Fredericton","778"
"Woodstock Road","12","Fredericton","779"
"Woodstock Road","12","Fredericton","780"
"Woodstock Road","12","Fredericton","781"
"Woodstock Road","12","Fredericton","782"
"Woodstock Road","12","Fredericton","783"
"Woodstock Road","12","Fredericton","784"
"Woodstock Road","12","Fredericton","785"
"Sunshine Gardens","10","Fredericton","786"
"Sunshine Gardens","10","Fredericton","787"
"Sunshine Gardens","10","Fredericton","788"
"Sunshine Gardens","10","Fredericton","789"
"Sunshine Gardens","10","Fredericton","790"
"Sunshine Gardens","10","Fredericton","791"
"Sunshine Gardens","10","Fredericton","792"
"Sunshine Gardens","10","Fredericton","793"
"Sunshine Gardens","10","Fredericton","794"
"Sunshine Gardens","10","Fredericton","795"
"Downtown","10","Fredericton","796"
"Downtown","10","Fredericton","797"
"Downtown","10","Fredericton","798"
"Downtown","10","Fredericton","799"
"Downtown","11","Fredericton","800"
"Platt","10","Fredericton","801"
"Platt","10","Fredericton","802"
"Platt","11","Fredericton","803"
"Platt","11","Fredericton","804"
"Platt","10","Fredericton","805"
"Platt","10","Fredericton","806"
"Platt","11","Fredericton","807"
"Platt","11","Fredericton","808"
"Platt","10","Fredericton","809"
"Platt","0","Fredericton","810"
"Platt","11","Fredericton","811"
"Platt","11","Fredericton","812"
"Platt","10","Fredericton","813"
"Platt","11","Fredericton","814"
"Platt","10","Fredericton","815"
"Platt","10","Fredericton","816"
"Platt","10","Fredericton","817"
"Platt","10","Fredericton","818"
"Platt","10","Fredericton","819"
"Platt","11","Fredericton","820"
"Platt","10","Fredericton","821"
"Platt","10","Fredericton","822"
"Platt","10","Fredericton","823"
"Platt","10","Fredericton","824"
"Platt","10","Fredericton","825"
"Platt","0","Fredericton","826"
"Platt","11","Fredericton","827"
"Platt","10","Fredericton","828"
"Platt","10","Fredericton","829"
"Platt","10","Fredericton","830"
"Platt","11","Fredericton","831"
"Platt","11","Fredericton","832"
"Platt","10","Fredericton","833"
"Platt","11","Fredericton","834"
"Skyline Acrea","8","Fredericton","835"
"Platt","10","Fredericton","836"
"Platt","11","Fredericton","837"
"Platt","10","Fredericton","838"
"Platt","10","Fredericton","839"
"Platt","11","Fredericton","840"
"Platt","10","Fredericton","841"
"Platt","10","Fredericton","842"
"Platt","10","Fredericton","843"
"Platt","10","Fredericton","844"
"Platt","10","Fredericton","845"
"Platt","11","Fredericton","846"
"Platt","10","Fredericton","847"
"Platt","10","Fredericton","848"
"Platt","11","Fredericton","849"
"Platt","10","Fredericton","850"
"Platt","10","Fredericton","851"
"The Hill","10","Fredericton","852"
"College Hill","11","Fredericton","853"
"Platt","10","Fredericton","854"
"Platt","10","Fredericton","855"
"Southwood Park","7","Fredericton","856"
"Southwood Park","7","Fredericton","857"
"Southwood Park","7","Fredericton","858"
"Southwood Park","8","Fredericton","859"
"Southwood Park","8","Fredericton","860"
"Southwood Park","8","Fredericton","861"
"Southwood Park","8","Fredericton","862"
"Lincoln Heights","7","Fredericton","863"
"Lincoln Heights","7","Fredericton","864"
"Lincoln Heights","7","Fredericton","865"
"Lincoln Heights","7","Fredericton","866"
"Lincoln Heights","7","Fredericton","867"
"Lincoln Heights","7","Fredericton","868"
"Lincoln Heights","7","Fredericton","869"
"Lincoln Heights","7","Fredericton","870"
"Skyline Acrea","8","Fredericton","871"
"Lincoln Heights","7","Fredericton","872"
"Platt","10","Fredericton","873"
"Platt","11","Fredericton","874"
"Skyline Acrea","8","Fredericton","875"
"Lincoln Heights","7","Fredericton","876"
"Platt","10","Fredericton","877"
"Platt","10","Fredericton","878"
"College Hill","11","Fredericton","879"
"The Hill","10","Fredericton","880"
"Skyline Acrea","8","Fredericton","881"
"Lincoln Heights","7","Fredericton","882"
"Platt","11","Fredericton","883"
"Platt","10","Fredericton","884"
"College Hill","11","Fredericton","885"
"The Hill","9","Fredericton","886"
"Skyline Acrea","8","Fredericton","887"
"Lincoln Heights","7","Fredericton","888"
"Platt","11","Fredericton","889"
"Platt","10","Fredericton","890"
"College Hill","9","Fredericton","891"
"The Hill","9","Fredericton","892"
"Skyline Acrea","8","Fredericton","893"
"Lincoln Heights","7","Fredericton","894"
"Platt","11","Fredericton","895"
"Platt","10","Fredericton","896"
"College Hill","11","Fredericton","897"
"The Hill","10","Fredericton","898"
"Skyline Acrea","8","Fredericton","899"
"Skyline Acrea","8","Fredericton","900"
"Skyline Acrea","8","Fredericton","901"
"Skyline Acrea","8","Fredericton","902"
"Skyline Acrea","8","Fredericton","903"
"Skyline Acrea","8","Fredericton","904"
"Skyline Acrea","8","Fredericton","905"
"Skyline Acrea","8","Fredericton","906"
"Skyline Acrea","8","Fredericton","907"
"Skyline Acrea","8","Fredericton","908"
"Skyline Acrea","8","Fredericton","909"
"Skyline Acrea","8","Fredericton","910"
"Skyline Acrea","8","Fredericton","911"
"Poet's Hill","8","Fredericton","912"
"Poet's Hill","8","Fredericton","913"
"Poet's Hill","8","Fredericton","914"
"Poet's Hill","8","Fredericton","915"
"Dun's Crossing","8","Fredericton","916"
"Dun's Crossing","8","Fredericton","917"
"Dun's Crossing","8","Fredericton","918"
"Dun's Crossing","8","Fredericton","919"
"Dun's Crossing","8","Fredericton","920"
"Dun's Crossing","8","Fredericton","921"
"Dun's Crossing","8","Fredericton","922"
"Dun's Crossing","8","Fredericton","923"
"Dun's Crossing","8","Fredericton","924"
"Dun's Crossing","8","Fredericton","925"
"Dun's Crossing","8","Fredericton","926"
"Dun's Crossing","8","Fredericton","927"
"Dun's Crossing","8","Fredericton","928"
"Dun's Crossing","8","Fredericton","929"
"Dun's Crossing","8","Fredericton","930"
"Dun's Crossing","8","Fredericton","931"
"Dun's Crossing","8","Fredericton","932"
"Dun's Crossing","8","Fredericton","933"
"Southwood Park","7","Fredericton","934"
"Southwood Park","7","Fredericton","935"
"Southwood Park","7","Fredericton","936"
"Southwood Park","7","Fredericton","937"
"Southwood Park","7","Fredericton","938"
"Southwood Park","7","Fredericton","939"
"Southwood Park","7","Fredericton","940"
"Southwood Park","7","Fredericton","941"
"Southwood Park","7","Fredericton","942"
"The Hill","9","Fredericton","943"
"The Hill","9","Fredericton","944"
"The Hill","9","Fredericton","945"
"The Hill","11","Fredericton","946"
"The Hill","9","Fredericton","947"
"The Hill","9","Fredericton","948"
"The Hill","9","Fredericton","949"
"The Hill","10","Fredericton","950"
"The Hill","10","Fredericton","951"
"The Hill","11","Fredericton","952"
"The Hill","9","Fredericton","953"
"The Hugh John Flemming Forestry Center","11","Fredericton","954"
"The Hill","10","Fredericton","955"
"The Hill","10","Fredericton","956"
"The Hill","9","Fredericton","957"
"The Hill","9","Fredericton","958"
"The Hill","10","Fredericton","959"
"The Hill","9","Fredericton","960"
"The Hill","10","Fredericton","961"
"The Hill","10","Fredericton","962"
"The Hill","9","Fredericton","963"
"The Hill","9","Fredericton","964"
"The Hill","10","Fredericton","965"
"The Hill","9","Fredericton","966"
"The Hill","9","Fredericton","967"
"The Hill","10","Fredericton","968"
"Forest Hill","8","Fredericton","969"
"Forest Hill","8","Fredericton","970"
"Forest Hill","8","Fredericton","971"
"Forest Hill","8","Fredericton","972"
"Forest Hill","8","Fredericton","973"
"Forest Hill","8","Fredericton","974"
"Forest Hill","8","Fredericton","975"
"Forest Hill","8","Fredericton","976"
"Forest Hill","8","Fredericton","977"
"Forest Hill","8","Fredericton","978"
"Forest Hill","8","Fredericton","979"
"Forest Hill","8","Fredericton","980"
"Skyline Acrea","8","Fredericton","981"
"Skyline Acrea","8","Fredericton","982"
"Skyline Acrea","8","Fredericton","983"
"Skyline Acrea","8","Fredericton","984"
"Skyline Acrea","8","Fredericton","985"
"Skyline Acrea","8","Fredericton","986"
"Skyline Acrea","8","Fredericton","987"
"Skyline Acrea","8","Fredericton","988"
"College Hill","11","Fredericton","989"
"Lincoln Heights","7","Fredericton","990"
"Platt","10","Fredericton","991"
"Platt","10","Fredericton","992"
"Platt","10","Fredericton","993"
"Knowledge Park","0"," ","994"
"Platt","10","Fredericton","995"
"Platt","10","Fredericton","996"
"Diamond Street","1","Fredericton","997"
"Platt","10","Fredericton","998"
"Platt","11","Fredericton","999"
"Grasse Circle","0"," ","1000"
"Platt","10","Fredericton","1001"
"Platt","11","Fredericton","1002"
"Lincoln","7","Fredericton","1003"
"College Hill","11","Fredericton","1004"
"Brookside Estates","2","Fredericton","1005"
"Platt","10","Fredericton","1006"
"Platt","10","Fredericton","1007"
"Lincoln","7","Fredericton","1008"
"College Hill","11","Fredericton","1009"
"Brookside Estates","2","Fredericton","1010"
"Platt","11","Fredericton","1011"
"Platt","10","Fredericton","1012"
"Lincoln","7","Fredericton","1013"
"College Hill","11","Fredericton","1014"
"Brookside Estates","2","Fredericton","1015"
"Platt","10","Fredericton","1016"
"Platt","10","Fredericton","1017"
"Lincoln","7","Fredericton","1018"
"College Hill","9","Fredericton","1019"
"College Hill","11","Fredericton","1020"
"College Hill","11","Fredericton","1021"
"College Hill","11","Fredericton","1022"
"College Hill","11","Fredericton","1023"
"College Hill","11","Fredericton","1024"
"College Hill","11","Fredericton","1025"
"College Hill","11","Fredericton","1026"
"College Hill","11","Fredericton","1027"
"College Hill","11","Fredericton","1028"
"College Hill","11","Fredericton","1029"
"College Hill","11","Fredericton","1030"
"College Hill","11","Fredericton","1031"
"College Hill","11","Fredericton","1032"
"College Hill","11","Fredericton","1033"
"College Hill","11","Fredericton","1034"
"College Hill","11","Fredericton","1035"
"College Hill","11","Fredericton","1036"
"College Hill","11","Fredericton","1037"
"College Hill","11","Fredericton","1038"
"College Hill","11","Fredericton","1039"
"College Hill","11","Fredericton","1040"
"College Hill","11","Fredericton","1041"
"College Hill","11","Fredericton","1042"
"College Hill","11","Fredericton","1043"
"College Hill","11","Fredericton","1044"
"College Hill","11","Fredericton","1045"
"The Hill","10","Fredericton","1046"
"The Hill","10","Fredericton","1047"
"The Hill","9","Fredericton","1048"
"The Hill","9","Fredericton","1049"
"The Hill","10","Fredericton","1050"
"The Hill","9","Fredericton","1051"
"The Hill","9","Fredericton","1052"
"The Hill","9","Fredericton","1053"
"The Hill","9","Fredericton","1054"
"The Hill","9","Fredericton","1055"
"The Hill","9","Fredericton","1056"
"The Hill","9","Fredericton","1057"
"The Hill","10","Fredericton","1058"
"The Hill","9","Fredericton","1059"
"Brookside Estates","2","Fredericton","1060"
"Brookside Estates","2","Fredericton","1061"
"Brookside Estates","2","Fredericton","1062"
"Brookside Estates","2","Fredericton","1063"
"Brookside Estates","2","Fredericton","1064"
"Brookside Estates","2","Fredericton","1065"
"Williams / Hawkins Area","2","Fredericton","1066"
"Williams / Hawkins Area","2","Fredericton","1067"
"Williams / Hawkins Area","2","Fredericton","1068"
"Williams / Hawkins Area","2","Fredericton","1069"
"Platt","11","Fredericton","1070"
"Williams / Hawkins Area","2","Fredericton","1071"
"Platt","10","Fredericton","1072"
"Platt","10","Fredericton","1073"
"Lincoln","7","Fredericton","1074"
"Williams / Hawkins Area","2","Fredericton","1075"
"Platt","10","Fredericton","1076"
"Platt","11","Fredericton","1077"
"Platt","10","Fredericton","1078"
"Platt","10","Fredericton","1079"
"Platt","10","Fredericton","1080"
"Platt","10","Fredericton","1081"
"Platt","10","Fredericton","1082"
"Platt","10","Fredericton","1083"
"Platt","11","Fredericton","1084"
"Platt","10","Fredericton","1085"
"Platt","10","Fredericton","1086"
"Platt","10","Fredericton","1087"
"Platt","10","Fredericton","1088"
"Platt","10","Fredericton","1089"
"Platt","10","Fredericton","1090"
"Platt","10","Fredericton","1091"
"Platt","10","Fredericton","1092"
"Platt","10","Fredericton","1093"
"Platt","10","Fredericton","1094"
"Platt","10","Fredericton","1095"
"Platt","10","Fredericton","1096"
"Platt","11","Fredericton","1097"
"Platt","11","Fredericton","1098"
"Platt","10","Fredericton","1099"
"Platt","10","Fredericton","1100"
"Platt","10","Fredericton","1101"
"Platt","10","Fredericton","1102"
"Platt","10","Fredericton","1103"
"Platt","11","Fredericton","1104"
"Platt","10","Fredericton","1105"
"Platt","10","Fredericton","1106"
"Platt","10","Fredericton","1107"
"Platt","10","Fredericton","1108"
"Platt","10","Fredericton","1109"
"Platt","10","Fredericton","1110"
"Platt","11","Fredericton","1111"
"Platt","10","Fredericton","1112"
"Platt","10","Fredericton","1113"
"Lincoln","7","Fredericton","1114"
"Lincoln","7","Fredericton","1115"
"Lincoln","7","Fredericton","1116"
"Lincoln","7","Fredericton","1117"
"Lincoln","7","Fredericton","1118"
"Lincoln","7","Fredericton","1119"
"Lincoln","7","Fredericton","1120"
"Lincoln","7","Fredericton","1121"
"Colonial heights","12","Fredericton","1122"
"Colonial heights","12","Fredericton","1123"
"Colonial heights","12","Fredericton","1124"
"Colonial heights","12","Fredericton","1125"
"Colonial heights","12","Fredericton","1126"
"Colonial heights","12","Fredericton","1127"
"Colonial heights","12","Fredericton","1128"
"Colonial heights","11","Fredericton","1129"
"Colonial heights","11","Fredericton","1130"
"Garden Place","12","Fredericton","1131"
"Garden Place","12","Fredericton","1132"
"Garden Place","12","Fredericton","1133"
"Garden Place","12","Fredericton","1134"
"Fredericton South","0"," ","1135"
"The Hugh John Flemming Forestry Center","11","Fredericton","1136"
"The Hugh John Flemming Forestry Center","11","Fredericton","1137"
"Platt","10","Fredericton","1138"
"Platt","10","Fredericton","1139"
"Waterloo Row","11","Fredericton","1140"
"Waterloo Row","11","Fredericton","1141"
"Waterloo Row","11","Fredericton","1142"
"Waterloo Row","11","Fredericton","1143"
"Waterloo Row","11","Fredericton","1144"
"Waterloo Row","11","Fredericton","1145"
"Waterloo Row","11","Fredericton","1146"
"Waterloo Row","11","Fredericton","1147"
"Waterloo Row","11","Fredericton","1148"
"University Of New Brunswick","11","Fredericton","1149"
"University Of New Brunswick","11","Fredericton","1150"
"University Of New Brunswick","11","Fredericton","1151"
"University Of New Brunswick","11","Fredericton","1152"
"University Of New Brunswick","11","Fredericton","1153"
"University Of New Brunswick","11","Fredericton","1154"
"University Of New Brunswick","11","Fredericton","1155"
"University Of New Brunswick","11","Fredericton","1156"
"University Of New Brunswick","11","Fredericton","1157"
"University Of New Brunswick","11","Fredericton","1158"
"University Of New Brunswick","11","Fredericton","1159"
"University Of New Brunswick","11","Fredericton","1160"
"University Of New Brunswick","11","Fredericton","1161"
"University Of New Brunswick","11","Fredericton","1162"
"University Of New Brunswick","11","Fredericton","1163"
"Saint Thomas University","11","Fredericton","1164"
"College Hill","11","Fredericton","1165"
"College Hill","11","Fredericton","1166"
"College Hill","11","Fredericton","1167"
"College Hill","11","Fredericton","1168"
"College Hill","11","Fredericton","1169"
"Williams / Hawkins Area","2","Fredericton","1170"
"Williams / Hawkins Area","2","Fredericton","1171"
"Williams / Hawkins Area","2","Fredericton","1172"
"Williams / Hawkins Area","2","Fredericton","1173"
"Williams / Hawkins Area","2","Fredericton","1174"
"Williams / Hawkins Area","2","Fredericton","1175"
"Williams / Hawkins Area","2","Fredericton","1176"
"Williams / Hawkins Area","2","Fredericton","1177"
"Williams / Hawkins Area","2","Fredericton","1178"
"Williams / Hawkins Area","2","Fredericton","1179"
"Williams / Hawkins Area","2","Fredericton","1180"
"McKnight","2","Fredericton","1181"
"McKnight","2","Fredricton","1182"
"McKnight","2","Fredericton","1183"
"McKnight","2","Fredericton","1184"
"Shadowood Estates","2","Fredericton","1185"
"Shadowood Estates","2","Fredericton","1186"
"Shadowood Estates","2","Fredericton","1187"
"Shadowood Estates","2","Fredericton","1188"
"Shadowood Estates","2","Fredericton","1189"
"North Devon","3","Fredericton","1190"
"North Devon","3","Fredericton","1191"
"North Devon","3","Fredericton","1192"
"North Devon","3","Fredericton","1193"
"North Devon","3","Fredericton","1194"
"North Devon","3","Fredericton","1195"
"North Devon","3","Fredericton","1196"
"North Devon","3","Fredericton","1197"
"North Devon","3","Fredericton","1198"
"North Devon","3","Fredericton","1199"
"North Devon","3","Fredericton","1200"
"Prospect","9","Fredericton","1201"
"Prospect","10","Fredericton","1202"
"Prospect","9","Fredericton","1203"
"Prospect","9","Fredericton","1204"
"Prospect","10","Fredericton","1205"
"Prospect","9","Fredericton","1206"
"Prospect","10","Fredericton","1207"
"Prospect","9","Fredericton","1208"
"Prospect","11","Fredericton","1209"
"Prospect","10","Fredericton","1210"
"Prospect","10","Fredericton","1211"
"Prospect","12","Fredericton","1212"
"Prospect","9","Fredericton","1213"
"Prospect","9","Fredericton","1214"
"Prospect","10","Fredericton","1215"
"Prospect","9","Fredericton","1216"
"Prospect","10","Fredericton","1217"
"Prospect","11","Fredericton","1218"
"Prospect","9","Fredericton","1219"
"Prospect","10","Fredericton","1220"
"Prospect","9","Fredericton","1221"
"Prospect","9","Fredericton","1222"
"Prospect","9","Fredericton","1223"
"Prospect","11","Fredericton","1224"
"Prospect","9","Fredericton","1225"
"Prospect","10","Fredericton","1226"
"Prospect","9","Fredericton","1227"
"Prospect","10","Fredericton","1228"
"Prospect","10","Fredericton","1229"
"Prospect","9","Fredericton","1230"
"Prospect","9","Fredericton","1231"
"Prospect","9","Fredericton","1232"
"Prospect","10","Fredericton","1233"
"Prospect","11","Fredericton","1234"
"Prospect","9","Fredericton","1235"
"Prospect","9","Fredericton","1236"
"Prospect","11","Fredericton","1237"
"Prospect","10","Fredericton","1238"
"Prospect","10","Fredericton","1239"
"Lian / Valcore","12","Fredericton","1240"
"Lian / Valcore","12","Fredericton","1241"
"Lian / Valcore","12","Fredericton","1242"
"Lian / Valcore","12","Fredericton","1243"
"Lian / Valcore","12","Fredericton","1244"
"Lian / Valcore","12","Fredericton","1245"
"Lian / Valcore","12","Fredericton","1246"
"North Devon","4","Fredericton","1247"
"North Devon","4","Fredericton","1248"
"North Devon","4","Fredericton","1249"
"North Devon","4","Fredericton","1250"
"North Devon","4","Fredericton","1251"
"North Devon","4","Fredericton","1252"
"Rail Side","12","Fredericton","1253"
"North Devon","3","Fredericton","1254"
"North Devon","4","Fredericton","1255"
"North Devon","4","Fredericton","1256"
"North Devon","4","Fredericton","1257"
"North Devon","4","Fredericton","1258"
"North Devon","4","Fredericton","1259"
"North Devon","4","Fredericton","1260"
"North Devon","4","Fredericton","1261"
"North Devon","4","Fredericton","1262"
"North Devon","4","Fredericton","1263"
"North Devon","4","Fredericton","1264"
"North Devon","4","Fredericton","1265"
"North Devon","4","Fredericton","1266"
"North Devon","4","Fredericton","1267"
"North Devon","4","Fredericton","1268"
"North Devon","4","Fredericton","1269"
"North Devon","4","Fredericton","1270"
"North Devon","4","Fredericton","1271"
"North Devon","4","Fredericton","1272"
"North Devon","4","Fredericton","1273"
"North Devon","4","Fredericton","1274"
"North Devon","4","Fredericton","1275"
"North Devon","4","Fredericton","1276"
"North Devon","4","Fredericton","1277"
"North Devon","4","Fredericton","1278"
"North Devon","4","Fredericton","1279"
"North Devon","4","Fredericton","1280"
"North Devon","4","Fredericton","1281"
"North Devon","4","Fredericton","1282"
"North Devon","4","Fredericton","1283"
"North Devon","4","Fredericton","1284"
"North Devon","4","Fredericton","1285"
"North Devon","4","Fredericton","1286"
"North Devon","4","Fredericton","1287"
"North Devon","4","Fredericton","1288"
"North Devon","4","Fredericton","1289"
"North Devon","4","Fredericton","1290"
"North Devon","4","Fredericton","1291"
"North Devon","4","Fredericton","1292"
"North Devon","4","Fredericton","1293"
"North Devon","4","Fredericton","1294"
"North Devon","4","Fredericton","1295"
"North Devon","4","Fredericton","1296"
"North Devon","4","Fredericton","1297"
"North Devon","4","Fredericton","1298"
"North Devon","4","Fredericton","1299"
"North Devon","3","Fredericton","1300"
"North Devon","4","Fredericton","1301"
"North Devon","4","Fredericton","1302"
"Rail Side","12","Fredericton","1303"
"North Devon","3","Fredericton","1304"
"North Devon","4","Fredericton","1305"
"North Devon","4","Fredericton","1306"
"Rail Side","12","Fredericton","1307"
"North Devon","3","Fredericton","1308"
"North Devon","4","Fredericton","1309"
"Hanwell North","12","Fredericton","1310"
"Silverwood","12","Fredericton","1311"
"North Devon","3","Fredericton","1312"
"North Devon","4","Fredericton","1313"
"Hanwell North","12","Fredericton","1314"
"Silverwood","12","Fredericton","1315"
"Silverwood","12","Fredericton","1316"
"Silverwood","12","Fredericton","1317"
"Silverwood","12","Fredericton","1318"
"Silverwood","12","Fredericton","1319"
"Silverwood","12","Fredericton","1320"
"Prospect","9","Fredericton","1321"
"Prospect","9","Fredericton","1322"
"Prospect","9","Fredericton","1323"
"Prospect","9","Fredericton","1324"
"Prospect","9","Fredericton","1325"
"Prospect","9","Fredericton","1326"
"Prospect","9","Fredericton","1327"
"Prospect","9","Fredericton","1328"
"Prospect","9","Fredericton","1329"
"Prospect","9","Fredericton","1330"
"Prospect","9","Fredericton","1331"
"Prospect","9","Fredericton","1332"
"Prospect","9","Fredericton","1333"
"Prospect","9","Fredericton","1334"
"Prospect","11","Fredericton","1335"
"Prospect","11","Fredericton","1336"
"Prospect","9","Fredericton","1337"
"Prospect","9","Fredericton","1338"
"Prospect","9","Fredericton","1339"
"Prospect","9","Fredericton","1340"
"Prospect","9","Fredericton","1341"
"Prospect","9","Fredericton","1342"
"Prospect","9","Fredericton","1343"
"Prospect","9","Fredericton","1344"
"Prospect","9","Fredericton","1345"
"Prospect","11","Fredericton","1346"
"Prospect","9","Fredericton","1347"
"Prospect","9","Fredericton","1348"
"Prospect","9","Fredericton","1349"
"Prospect","9","Fredericton","1350"
"Prospect","9","Fredericton","1351"
"Prospect","9","Fredericton","1352"
"Prospect","10","Fredericton","1353"
"Prospect","12","Fredericton","1354"
"Prospect","10","Fredericton","1355"
"Prospect","12","Fredericton","1356"
"Prospect","11","Fredericton","1357"
"Prospect","9","Fredericton","1358"
"Prospect","9","Fredericton","1359"
"Prospect","9","Fredericton","1360"
"Prospect","10","Fredericton","1361"
"Prospect","9","Fredericton","1362"
"North Devon","3","Fredericton","1363"
"North Devon","3","Fredericton","1364"
"North Devon","3","Fredericton","1365"
"North Devon","3","Fredericton","1366"
"North Devon","3","Fredericton","1367"
"North Devon","3","Fredericton","1368"
"North Devon","3","Fredericton","1369"
"North Devon","3","Fredericton","1370"
"North Devon","3","Fredericton","1371"
"North Devon","3","Fredericton","1372"
"North Devon","3","Fredericton","1373"
"North Devon","4","Fredericton","1374"
"North Devon","4","Fredericton","1375"
"North Devon","4","Fredericton","1376"
"North Devon","4","Fredericton","1377"
"North Devon","3","Fredericton","1378"
"Hanwell North","12","Fredericton","1379"
"Hanwell North","12","Fredericton","1380"
"Hanwell North","12","Fredericton","1381"
"Hanwell North","12","Fredericton","1382"
"Hanwell North","12","Fredericton","1383"
"Hanwell North","12","Fredericton","1384"
"Doak Road","7","Fredericton","1385"
"Montogomery / Prospect East","8","Fredericton","1386"
"Montogomery / Prospect East","8","Fredericton","1387"
"Montogomery / Prospect East","11","Fredericton","1388"
"Montogomery / Prospect East","11","Fredericton","1389"
"Montogomery / Prospect East","9","Fredericton","1390"
"Montogomery / Prospect East","8","Fredericton","1391"
"Montogomery / Prospect East","8","Fredericton","1392"
"Montogomery / Prospect East","8","Fredericton","1393"
"Montogomery / Prospect East","8","Fredericton","1394"
"Montogomery / Prospect East","8","Fredericton","1395"
"Montogomery / Prospect East","8","Fredericton","1396"
"Montogomery / Prospect East","8","Fredericton","1397"
"Montogomery / Prospect East","8","Fredericton","1398"
"Montogomery / Prospect East","9","Fredericton","1399"
"Montogomery / Prospect East","8","Fredericton","1400"
"Montogomery / Prospect East","8","Fredericton","1401"
"Fredericton South","7","Fredericton","1402"
"Fredericton South","7","Fredericton","1403"
"Fredericton South","7","Fredericton","1404"
"Fredericton South","12","Fredericton","1405"
"Fredericton South","12","Fredericton","1406"
"Fredericton South","9","Fredericton","1407"
"Fredericton South","12","Fredericton","1408"
"Fredericton South","12","Fredericton","1409"
"Fredericton South","12","Fredericton","1410"
"Fredericton South","12","Fredericton","1411"
"Fredericton South","12","Fredericton","1412"
"Fredericton South","12","Fredericton","1413"
"Fredericton South","12","Fredericton","1414"
"Fredericton South","12","Fredericton","1415"
"Woodstock Road","12","Fredericton","1416"
"Woodstock Road","10","Fredericton","1417"
"Woodstock Road","10","Fredericton","1418"
"Woodstock Road","10","Fredericton","1419"
"Woodstock Road","10","Fredericton","1420"
"Woodstock Road","12","Fredericton","1421"
"Woodstock Road","10","Fredericton","1422"
"Woodstock Road","10","Fredericton","1423"
"Woodstock Road","10","Fredericton","1424"
"Woodstock Road","10","Fredericton","1425"
"North Devon","3","Fredericton","1426"
"North Devon","3","Fredericton","1427"
"North Devon","3","Fredericton","1428"
"North Devon","3","Fredericton","1429"
"North Devon","0","Fredericton","1430"
"North Devon","3","Fredericton","1431"
"North Devon","3","Fredericton","1432"
"North Devon","3","Fredericton","1433"
"North Devon","3","Fredericton","1434"
"North Devon","0","Fredericton","1435"
"North Devon","3","Fredericton","1436"
"North Devon","0","Fredericton","1437"
"North Devon","3","Fredericton","1438"
"North Devon","3","Fredericton","1439"
"North Devon","3","Fredericton","1440"
"North Devon","3","Fredericton","1441"
"North Devon","3","Fredericton","1442"
"North Devon","3","Fredericton","1443"
"North Devon","3","Fredericton","1444"
"North Devon","3","Fredericton","1445"
"North Devon","3","Fredericton","1446"
"North Devon","3","Fredericton","1447"
"North Devon","3","Fredericton","1448"
"North Devon","3","Fredericton","1449"
"Wesbett / Case","0"," ","1450"
"Serenity Lane","12","Fredericton","1451"
"Serenity Lane","12","Fredericton","1452"
"Monteith / Talisman","12","Fredericton","1453"
"Monteith / Talisman","12","Fredericton","1454"
"Monteith / Talisman","12","Fredericton","1455"
"Monteith / Talisman","12","Fredericton","1456"
"Monteith / Talisman","12","Fredericton","1457"
"Monteith / Talisman","12","Fredericton","1458"
"Monteith / Talisman","12","Fredericton","1459"
"Monteith / Talisman","12","Fredericton","1460"
